{"schemaVersion":"1.0","appDefinitionTemplate":{"id":"/providers/Microsoft.PowerApps/apps/","type":"Microsoft.PowerApps/apps","tags":{"primaryDeviceWidth":"1366","primaryDeviceHeight":"768","supportsPortrait":"true","supportsLandscape":"true","primaryFormFactor":"Tablet","showStatusBar":"false","publisherVersion":"3.25012.11","minimumRequiredApiVersion":"2.2.0","hasComponent":"false","hasUnlockedComponent":"false","isUnifiedRootApp":"false","sienaVersion":"20250123T132032Z-3.25012.11.0"},"properties":{"appVersion":"2025-01-23T13:20:32Z","lifeCycleId":"Published","createdByClientVersion":{"major":3,"minor":25012,"build":11,"revision":0,"majorRevision":0,"minorRevision":0},"minClientVersion":{"major":3,"minor":25012,"build":11,"revision":0,"majorRevision":0,"minorRevision":0},"backgroundColor":"RGBA(0,176,240,1)","backgroundImageUri":"/13779505457416990264/N80b82975-a0c4-46f2-9d07-c8d1b4a7b74a-logoSmallFile","displayName":"DESKENOPS","description":"","commitMessage":"","appUris":{"documentUri":{"value":"/13779505457416990264/N758620b4-c155-4e36-be2f-76e832304ea7-document.msapp"},"imageUris":[],"additionalUris":[{"isSolutionAware":false,"value":"/13779505457416990264/Nad3a0d3c-44f4-4964-b640-3f62fd124f4f-identity.json"}]},"createdTime":"0001-01-01T00:00:00Z","lastModifiedTime":"0001-01-01T00:00:00Z","sharedGroupsCount":0,"sharedUsersCount":0,"connectionReferences":{},"databaseReferences":{},"almMode":"Environment","performanceOptimizationEnabled":false,"canConsumeAppPass":false,"enableModernRuntimeMode":false,"executionRestrictions":{"isTeamsOnly":false,"dataLossPreventionEvaluationResult":{"status":"Compliant","lastEvaluationDate":"2025-01-23T13:20:34.5675416Z","violations":[],"violationsByPolicy":[],"violationErrorMessage":"O aplicativo usa os seguintes conectores: ."}}},"isAppComponentLibrary":false,"appType":"ClassicCanvasApp","appComponents":[]}}